﻿INSERT INTO POLICE_STATIONS VALUES (Clayton,1,-37.920187,145.120702);
INSERT INTO POLICE_STATIONS VALUES (Springvale,1,-37.95535,145.151614);
INSERT INTO POLICE_STATIONS VALUES (Broadmeadows,1,-37.683056,144.916926);
INSERT INTO POLICE_STATIONS VALUES (Fawkner,1,-37.718299,144.962554);
INSERT INTO POLICE_STATIONS VALUES (Reservoir,1,-37.693668,144.998408);
INSERT INTO POLICE_STATIONS VALUES (Craigieburn,1,-37.598101,144.932984);
INSERT INTO POLICE_STATIONS VALUES (Keilor Downs,1,-37.723483,144.807629);
INSERT INTO POLICE_STATIONS VALUES (Moonee Ponds,1,-37.764817,144.923974);
INSERT INTO POLICE_STATIONS VALUES (Preston,1,-37.739282,145.005572);
INSERT INTO POLICE_STATIONS VALUES (Epping,1,-37.647294,145.025817);
INSERT INTO POLICE_STATIONS VALUES (Brunswick,1,-37.762788,144.962891);
INSERT INTO POLICE_STATIONS VALUES (Northcote,1,-37.765927,145.001764);
INSERT INTO POLICE_STATIONS VALUES (Sunshine,1,-37.77769,144.830696);
INSERT INTO POLICE_STATIONS VALUES (Flemington,1,-37.785317,144.931945);
INSERT INTO POLICE_STATIONS VALUES (Melbourne North,1,-37.800191,144.954442);
INSERT INTO POLICE_STATIONS VALUES (Footscray,1,-37.80414,144.901444);
INSERT INTO POLICE_STATIONS VALUES (Avondale Heights,1,-37.755803,144.859267);
INSERT INTO POLICE_STATIONS VALUES (Greensborough,1,-37.703875,145.096446);
